{
  "losses": [
    1.6803337320496765,
    1.1738606804533849,
    0.8333912567247318,
    0.6716635000856617,
    0.6082566584212871,
    0.5796314832530444,
    0.5609639883041382,
    0.5444640222984024,
    0.5284154513214208,
    0.5132015166403372,
    0.49800458814524395,
    0.483770965775357,
    0.4700721634339683,
    0.4564354623420329,
    0.4439639347263529,
    0.43167642890652524,
    0.42009226996687393,
    0.4090256649482099,
    0.398452055605152,
    0.3888242124002191,
    0.3799041781244399,
    0.3710794448852539,
    0.3630039046836805,
    0.3555519377128987,
    0.3488423880896991,
    0.34189366388924514,
    0.3361902482147458,
    0.3303414990630331,
    0.32516006880168674,
    0.3202038445050203,
    0.31525028921380827,
    0.31092452361613887,
    0.30684109277363064,
    0.3025189921071258,
    0.2988460765609258,
    0.2953657368315926,
    0.29140151641036893,
    0.28820752305320546,
    0.28478598443767694,
    0.28156356155117856,
    0.278722458247897,
    0.27579071514214143,
    0.2730347276488437,
    0.2705195293396334,
    0.2682806547684006,
    0.265884650281713,
    0.263557911296434,
    0.2613872167053102,
    0.25996640286868133,
    0.2579877016287816,
    0.25612799766697464,
    0.2544614817899994,
    0.2528729687763166,
    0.2516556193556967,
    0.2500130796357046,
    0.24914588505708718,
    0.24781122709376902,
    0.24679932997951023,
    0.2464119888181928,
    0.24453072004680393,
    0.24423405452619626,
    0.24384922279587276,
    0.2429504515249518,
    0.24243940262100364,
    0.24178286858751805,
    0.24114600936823252,
    0.24111906278736983,
    0.24061841847775858,
    0.24057675615141663,
    0.23998770004586328
  ],
  "metrics": {
    "both": {
      "optimistic": {
        "adjusted_arithmetic_mean_rank": 0.1128922792515331,
        "adjusted_arithmetic_mean_rank_index": 0.8872638868206075,
        "adjusted_geometric_mean_rank_index": 0.991762468388569,
        "adjusted_hits_at_k": 0.3987724101075622,
        "adjusted_inverse_harmonic_mean_rank": 0.26517724491076816,
        "arithmetic_mean_rank": 641.402073496202,
        "count": 9742.0,
        "geometric_mean_rank": 35.42872309568815,
        "harmonic_mean_rank": 3.761959189716048,
        "hits_at_1": 0.19349209607883391,
        "hits_at_10": 0.3993019913775405,
        "hits_at_3": 0.2967563128721002,
        "hits_at_5": 0.33997125846848697,
        "inverse_arithmetic_mean_rank": 0.0015590844515814017,
        "inverse_geometric_mean_rank": 0.02822568561952223,
        "inverse_harmonic_mean_rank": 0.2658189389012165,
        "inverse_median_rank": 0.030303030303030304,
        "median_absolute_deviation": 47.443270992179265,
        "median_rank": 33.0,
        "standard_deviation": 1645.3244926486188,
        "variance": 2707092.6861094353,
        "z_arithmetic_mean_rank": 151.61273954951272,
        "z_geometric_mean_rank": 98.09559058145551,
        "z_hits_at_k": 1325.59580152581,
        "z_inverse_harmonic_mean_rank": 2178.3025356041057
      },
      "pessimistic": {
        "adjusted_arithmetic_mean_rank": 0.11289245992141331,
        "adjusted_arithmetic_mean_rank_index": 0.8872637061189222,
        "adjusted_geometric_mean_rank_index": 0.9917624639676791,
        "adjusted_hits_at_k": 0.3987724101075622,
        "adjusted_inverse_harmonic_mean_rank": 0.2651772442213043,
        "arithmetic_mean_rank": 641.4030999794703,
        "count": 9742.0,
        "geometric_mean_rank": 35.4287415727757,
        "harmonic_mean_rank": 3.761959199465052,
        "hits_at_1": 0.19349209607883391,
        "hits_at_10": 0.3993019913775405,
        "hits_at_3": 0.2967563128721002,
        "hits_at_5": 0.33997125846848697,
        "inverse_arithmetic_mean_rank": 0.0015590819564670134,
        "inverse_geometric_mean_rank": 0.028225670899031427,
        "inverse_harmonic_mean_rank": 0.2658189382123547,
        "inverse_median_rank": 0.030303030303030304,
        "median_absolute_deviation": 47.443270992179265,
        "median_rank": 33.0,
        "standard_deviation": 1645.3269315126734,
        "variance": 2707100.7115609096,
        "z_arithmetic_mean_rank": 151.6127086718021,
        "z_geometric_mean_rank": 98.09559014418367,
        "z_hits_at_k": 1325.59580152581,
        "z_inverse_harmonic_mean_rank": 2178.302529940494
      },
      "realistic": {
        "adjusted_arithmetic_mean_rank": 0.11289236978937395,
        "adjusted_arithmetic_mean_rank_index": 0.8872637962668284,
        "adjusted_geometric_mean_rank_index": 0.991762464908557,
        "adjusted_hits_at_k": 0.3987724101075622,
        "adjusted_inverse_harmonic_mean_rank": 0.26517725953642285,
        "arithmetic_mean_rank": 641.402587890625,
        "count": 9742.0,
        "geometric_mean_rank": 35.42873764038086,
        "harmonic_mean_rank": 3.7619590759277344,
        "hits_at_1": 0.19349209607883391,
        "hits_at_10": 0.3993019913775405,
        "hits_at_3": 0.2967563128721002,
        "hits_at_5": 0.33997125846848697,
        "inverse_arithmetic_mean_rank": 0.0015590832335874438,
        "inverse_geometric_mean_rank": 0.028225673362612724,
        "inverse_harmonic_mean_rank": 0.2658189535140991,
        "inverse_median_rank": 0.03030303120613098,
        "median_absolute_deviation": 47.44327163696289,
        "median_rank": 33.0,
        "standard_deviation": 1645.32568359375,
        "variance": 2707096.75,
        "z_arithmetic_mean_rank": 151.61272407598028,
        "z_geometric_mean_rank": 98.09559023724626,
        "z_hits_at_k": 1325.59580152581,
        "z_inverse_harmonic_mean_rank": 2178.3026557467697
      }
    },
    "head": {
      "optimistic": {
        "adjusted_arithmetic_mean_rank": 0.14717522093185686,
        "adjusted_arithmetic_mean_rank_index": 0.8529765731203534,
        "adjusted_geometric_mean_rank_index": 0.9724059764050219,
        "adjusted_hits_at_k": 0.19986184211643643,
        "adjusted_inverse_harmonic_mean_rank": 0.1187091929348489,
        "arithmetic_mean_rank": 827.0219667419422,
        "count": 4871.0,
        "geometric_mean_rank": 115.04045856064056,
        "harmonic_mean_rank": 8.369124166075922,
        "hits_at_1": 0.07719154177786902,
        "hits_at_10": 0.20057483063026071,
        "hits_at_3": 0.12276739889139807,
        "hits_at_5": 0.15253541367275714,
        "inverse_arithmetic_mean_rank": 0.0012091577252046953,
        "inverse_geometric_mean_rank": 0.008692594001378014,
        "inverse_harmonic_mean_rank": 0.11948681608207942,
        "inverse_median_rank": 0.00625,
        "median_absolute_deviation": 232.7685483053795,
        "median_rank": 160.0,
        "standard_deviation": 1612.6713927109622,
        "variance": 2600709.0208683144,
        "z_arithmetic_mean_rank": 103.03566629725962,
        "z_geometric_mean_rank": 68.01660578851579,
        "z_hits_at_k": 467.07526639210374,
        "z_inverse_harmonic_mean_rank": 685.561926331971
      },
      "pessimistic": {
        "adjusted_arithmetic_mean_rank": 0.14717544013701636,
        "adjusted_arithmetic_mean_rank_index": 0.8529763538761777,
        "adjusted_geometric_mean_rank_index": 0.9724059573094079,
        "adjusted_hits_at_k": 0.19986184211643643,
        "adjusted_inverse_harmonic_mean_rank": 0.11870919177098638,
        "arithmetic_mean_rank": 827.0231985218641,
        "count": 4871.0,
        "geometric_mean_rank": 115.04053747890906,
        "harmonic_mean_rank": 8.36912424752353,
        "hits_at_1": 0.07719154177786902,
        "hits_at_10": 0.20057483063026071,
        "hits_at_3": 0.12276739889139807,
        "hits_at_5": 0.15253541367275714,
        "inverse_arithmetic_mean_rank": 0.0012091559242682634,
        "inverse_geometric_mean_rank": 0.008692588038223786,
        "inverse_harmonic_mean_rank": 0.11948681491924386,
        "inverse_median_rank": 0.00625,
        "median_absolute_deviation": 232.7685483053795,
        "median_rank": 160.0,
        "standard_deviation": 1612.674552586403,