{
  "losses": [
    1.8588588851870913,
    1.6097488511692395,
    1.3762267502871426,
    1.164255106087887,
    0.9865036155238296,
    0.8491867798747439,
    0.7501899437470869,
    0.6812944538665541,
    0.6329948215773611,
    0.5983684460322062,
    0.5714980851520192,
    0.5499854774186106,
    0.53156046072642,
    0.5150653611529957,
    0.5002006075598977,
    0.48546005108139734,
    0.4727918090242328,
    0.460581384824984,
    0.4486013208374833,
    0.43739483121669653,
    0.42654663143735944,
    0.4162751652977683,
    0.40698060483643506,
    0.39811454036019067,
    0.3895935488469673,
    0.3810269200440609,
    0.3730227387312687,
    0.3660735009294568,
    0.35846006509029504,
    0.35149740721240186,
    0.3451223978490541,
    0.3388765914873643,
    0.33273377111463837,
    0.32683934858351044,
    0.32099860003500275,
    0.3156344005555818,
    0.31038072885888995,
    0.30509022239482764,
    0.29996070446390094,
    0.29532301696864044,
    0.2910068486676072,
    0.2862840267744931,
    0.2819466744408463,
    0.2774662438667182,
    0.2735365710475228,
    0.2695026271270983,
    0.2656712703632586,
    0.2623821397622426,
    0.25860556147315283,
    0.2548834816976027,
    0.2518779093568975,
    0.24852065606550736,
    0.24562365132750888,
    0.24259195905743222,
    0.23983335540150152,
    0.23656571633888013,
    0.23432284954822424,
    0.23175103691491214,
    0.2294504651517579,
    0.22678031343402286,
    0.22416803240776062,
    0.22268571998133804,
    0.2202033097996856,
    0.21770452369343152,
    0.21662727856274808,
    0.21404419794227136,
    0.21265745569359173,
    0.2103244143001961,
    0.20900343584291864,
    0.20744566709706277
  ],
  "metrics": {
    "both": {
      "optimistic": {
        "adjusted_arithmetic_mean_rank": 0.39384519663954504,
        "adjusted_arithmetic_mean_rank_index": 0.6062784142029074,
        "adjusted_geometric_mean_rank_index": 0.9207803241435014,
        "adjusted_hits_at_k": 0.1737062742402606,
        "adjusted_inverse_harmonic_mean_rank": 0.09033513094314526,
        "arithmetic_mean_rank": 1931.7062850031114,
        "count": 3214.0,
        "geometric_mean_rank": 286.952426147609,
        "harmonic_mean_rank": 10.959961081036928,
        "hits_at_1": 0.05102675793403858,
        "hits_at_10": 0.1745488487865588,
        "hits_at_3": 0.10080896079651525,
        "hits_at_5": 0.1375233354075918,
        "inverse_arithmetic_mean_rank": 0.000517677044260582,
        "inverse_geometric_mean_rank": 0.003484898223113812,
        "inverse_harmonic_mean_rank": 0.0912411999099352,
        "inverse_median_rank": 0.0017167381974248926,
        "median_absolute_deviation": 857.6853834054907,
        "median_rank": 582.5,
        "standard_deviation": 2664.3159868694843,
        "variance": 7098579.677888313,
        "z_arithmetic_mean_rank": 59.52166008348823,
        "z_geometric_mean_rank": 52.332290813553094,
        "z_hits_at_k": 308.2336168551717,
        "z_inverse_harmonic_mean_rank": 396.2210551884306
      },
      "pessimistic": {
        "adjusted_arithmetic_mean_rank": 0.39384564069440536,
        "adjusted_arithmetic_mean_rank_index": 0.6062779700574926,
        "adjusted_geometric_mean_rank_index": 0.9207802265082401,
        "adjusted_hits_at_k": 0.1737062742402606,
        "adjusted_inverse_harmonic_mean_rank": 0.09033512998341245,
        "arithmetic_mean_rank": 1931.7084629744866,
        "count": 3214.0,
        "geometric_mean_rank": 286.9527785731846,
        "harmonic_mean_rank": 10.959961196205922,
        "hits_at_1": 0.05102675793403858,
        "hits_at_10": 0.1745488487865588,
        "hits_at_3": 0.10080896079651525,
        "hits_at_5": 0.1375233354075918,
        "inverse_arithmetic_mean_rank": 0.0005176764605877319,
        "inverse_geometric_mean_rank": 0.003484893943081159,
        "inverse_harmonic_mean_rank": 0.09124119895115834,
        "inverse_median_rank": 0.0017167381974248926,
        "median_absolute_deviation": 857.6853834054907,
        "median_rank": 582.5,
        "standard_deviation": 2664.316758381961,
        "variance": 7098583.7889949605,
        "z_arithmetic_mean_rank": 59.52161647930938,
        "z_geometric_mean_rank": 52.33228526448047,
        "z_hits_at_k": 308.2336168551717,
        "z_inverse_harmonic_mean_rank": 396.22105097892387
      },
      "realistic": {
        "adjusted_arithmetic_mean_rank": 0.3938454234525832,
        "adjusted_arithmetic_mean_rank_index": 0.606278187343616,
        "adjusted_geometric_mean_rank_index": 0.9207802742618303,
        "adjusted_hits_at_k": 0.1737062742402606,
        "adjusted_inverse_harmonic_mean_rank": 0.09033513428503956,
        "arithmetic_mean_rank": 1931.7073974609375,
        "count": 3214.0,
        "geometric_mean_rank": 286.9526062011719,
        "harmonic_mean_rank": 10.9599609375,
        "hits_at_1": 0.05102675793403858,
        "hits_at_10": 0.1745488487865588,
        "hits_at_3": 0.10080896079651525,
        "hits_at_5": 0.1375233354075918,
        "inverse_arithmetic_mean_rank": 0.0005176767590455711,
        "inverse_geometric_mean_rank": 0.0034848961513489485,
        "inverse_harmonic_mean_rank": 0.09124120324850082,
        "inverse_median_rank": 0.001716738217510283,
        "median_absolute_deviation": 857.6854248046875,
        "median_rank": 582.5,
        "standard_deviation": 2664.31640625,
        "variance": 7098581.5,
        "z_arithmetic_mean_rank": 59.521637811473745,
        "z_geometric_mean_rank": 52.33228797854234,
        "z_hits_at_k": 308.2336168551717,
        "z_inverse_harmonic_mean_rank": 396.22106984639225
      }
    },
    "head": {
      "optimistic": {
        "adjusted_arithmetic_mean_rank": 0.4933573311826934,
        "adjusted_arithmetic_mean_rank_index": 0.5067465369826523,
        "adjusted_geometric_mean_rank_index": 0.7423068462248801,
        "adjusted_hits_at_k": 0.029496587159502853,
        "adjusted_inverse_harmonic_mean_rank": 0.016010278326475436,
        "arithmetic_mean_rank": 2406.9657747355322,
        "count": 1607.0,
        "geometric_mean_rank": 926.3350257261831,
        "harmonic_mean_rank": 58.84028329043752,
        "hits_at_1": 0.008089607965152458,
        "hits_at_10": 0.030491599253266957,
        "hits_at_3": 0.013067828251400125,
        "hits_at_5": 0.0224019912881145,
        "inverse_arithmetic_mean_rank": 0.00041546083060108155,
        "inverse_geometric_mean_rank": 0.0010795230367286054,
        "inverse_harmonic_mean_rank": 0.016995159507712906,
        "inverse_median_rank": 0.0008285004142502071,
        "median_absolute_deviation": 1590.832180456511,
        "median_rank": 1207.0,
        "standard_deviation": 2637.0879454538963,
        "variance": 6954232.832058252,
        "z_arithmetic_mean_rank": 35.17658998424446,
        "z_geometric_mean_rank": 29.839059263465828,
        "z_hits_at_k": 36.909773697297666,
        "z_inverse_harmonic_mean_rank": 49.521034514942954
      },
      "pessimistic": {
        "adjusted_arithmetic_mean_rank": 0.4933579689258378,
        "adjusted_arithmetic_mean_rank_index": 0.5067458991087626,
        "adjusted_geometric_mean_rank_index": 0.7423063523580349,
        "adjusted_hits_at_k": 0.029496587159502853,
        "adjusted_inverse_harmonic_mean_rank": 0.016010276696815255,
        "arithmetic_mean_rank": 2406.968886123211,
        "count": 1607.0,
        "geometric_mean_rank": 926.3367991232767,
        "harmonic_mean_rank": 58.840288926965925,
        "hits_at_1": 0.008089607965152458,
        "hits_at_10": 0.030491599253266957,
        "hits_at_3": 0.013067828251400125,
        "hits_at_5": 0.0224019912881145,
        "inverse_arithmetic_mean_rank": 0.0004154602935522992,
        "inverse_geometric_mean_rank": 0.0010795209700688142,
        "inverse_harmonic_mean_rank": 0.01699515787968386,
        "inverse_median_rank": 0.0008285004142502071,
        "median_absolute_deviation": 1590.832180456511,
        "median_rank": 1207.0,