{
  "losses": [
    1.6698142391879385,
    1.1502233983539953,
    0.8126139291902867,
    0.6607867035923934,
    0.6038322034405499,
    0.5780712547825604,
    0.5600675569801796,
    0.5439606388894523,
    0.5278599313119563,
    0.5124029524442626,
    0.49730919374198446,
    0.4826788168127944,
    0.46884867767008337,
    0.45524195636191017,
    0.44254581339475585,
    0.4301880510841928,
    0.41857948681203333,
    0.40754747536124253,
    0.39700732252946713,
    0.387215240336046,
    0.37805853275264184,
    0.36980822682380676,
    0.3618893514319164,
    0.35448547616237547,
    0.3478513160129873,
    0.34157600381025455,
    0.3357580889288972,
    0.330287664401822,
    0.32488382807592064,
    0.3203487250863052,
    0.31556078755274053,
    0.3109800001470054,
    0.30716711900583127,
    0.30307497193173666,
    0.2991992849402311,
    0.29532052612886195,
    0.2919907039258538,
    0.2883895813691907,
    0.2850843533510115,
    0.2825275761325185,
    0.2793149188524339,
    0.2767921842452956,
    0.27400813851414657,
    0.2719426293198655,
    0.26922345924668195,
    0.2670248972206581,
    0.26527735990722007,
    0.26299065624068424,
    0.26079592835612414,
    0.2595458208787732,
    0.2575062589674461,
    0.2559141384028807,
    0.25502026735282524,
    0.2534083409643755,
    0.2524717184828549,
    0.2515693399600866,
    0.2503130741235686,
    0.24940964597754361,
    0.24848496968426356,
    0.2477092559381229,
    0.24732356009686865,
    0.24678346442013252,
    0.24564528210860928,
    0.24560648039346789,
    0.24503614081115258,
    0.24441602789774175,
    0.24361025069544956,
    0.24384324016367517,
    0.24389391010854303,
    0.2429790166093082
  ],
  "metrics": {
    "both": {
      "optimistic": {
        "adjusted_arithmetic_mean_rank": 0.10647450321480596,
        "adjusted_arithmetic_mean_rank_index": 0.8936828141484205,
        "adjusted_geometric_mean_rank_index": 0.9924944771561733,
        "adjusted_hits_at_k": 0.40267735740922894,
        "adjusted_inverse_harmonic_mean_rank": 0.2761753570728718,
        "arithmetic_mean_rank": 604.8565251572327,
        "count": 10176.0,
        "geometric_mean_rank": 32.363637199005204,
        "harmonic_mean_rank": 3.612617956955735,
        "hits_at_1": 0.2077437106918239,
        "hits_at_10": 0.40320361635220126,
        "hits_at_3": 0.3029677672955975,
        "hits_at_5": 0.34846698113207547,
        "inverse_arithmetic_mean_rank": 0.0016532846359556914,
        "inverse_geometric_mean_rank": 0.030898875606933884,
        "inverse_harmonic_mean_rank": 0.27680757055270677,
        "inverse_median_rank": 0.03571428571428571,
        "median_absolute_deviation": 40.030259899651256,
        "median_rank": 28.0,
        "standard_deviation": 1603.3415253853536,
        "variance": 2570704.0470250323,
        "z_arithmetic_mean_rank": 156.0680381103101,
        "z_geometric_mean_rank": 100.33047171175613,
        "z_hits_at_k": 1367.9155631573717,
        "z_inverse_harmonic_mean_rank": 2318.3722322822505
      },
      "pessimistic": {
        "adjusted_arithmetic_mean_rank": 0.10647457241003405,
        "adjusted_arithmetic_mean_rank_index": 0.8936827449410096,
        "adjusted_geometric_mean_rank_index": 0.9924942679643232,
        "adjusted_hits_at_k": 0.40267735740922894,
        "adjusted_inverse_harmonic_mean_rank": 0.2761701804128406,
        "arithmetic_mean_rank": 604.8569182389937,
        "count": 10176.0,
        "geometric_mean_rank": 32.36451135759858,
        "harmonic_mean_rank": 3.612685459841312,
        "hits_at_1": 0.2077437106918239,
        "hits_at_10": 0.40320361635220126,
        "hits_at_3": 0.3029677672955975,
        "hits_at_5": 0.34846698113207547,
        "inverse_arithmetic_mean_rank": 0.0016532835615263239,
        "inverse_geometric_mean_rank": 0.03089804103485155,
        "inverse_harmonic_mean_rank": 0.27680239841414955,
        "inverse_median_rank": 0.03571428571428571,
        "median_absolute_deviation": 40.030259899651256,
        "median_rank": 28.0,
        "standard_deviation": 1603.342089971982,
        "variance": 2570705.857475723,
        "z_arithmetic_mean_rank": 156.06802602429406,
        "z_geometric_mean_rank": 100.33045056471957,
        "z_hits_at_k": 1367.9155631573717,
        "z_inverse_harmonic_mean_rank": 2318.328776468526
      },
      "realistic": {
        "adjusted_arithmetic_mean_rank": 0.10647454288042989,
        "adjusted_arithmetic_mean_rank_index": 0.8936827744758129,
        "adjusted_geometric_mean_rank_index": 0.9924943642417132,
        "adjusted_hits_at_k": 0.40267735740922894,
        "adjusted_inverse_harmonic_mean_rank": 0.27617249941916516,
        "arithmetic_mean_rank": 604.8567504882812,
        "count": 10176.0,
        "geometric_mean_rank": 32.36410903930664,
        "harmonic_mean_rank": 3.6126551628112793,
        "hits_at_1": 0.2077437106918239,
        "hits_at_10": 0.40320361635220126,
        "hits_at_3": 0.3029677672955975,
        "hits_at_5": 0.34846698113207547,
        "inverse_arithmetic_mean_rank": 0.0016532840672880411,
        "inverse_geometric_mean_rank": 0.030898425728082657,
        "inverse_harmonic_mean_rank": 0.27680471539497375,
        "inverse_median_rank": 0.0357142873108387,
        "median_absolute_deviation": 40.0302619934082,
        "median_rank": 28.0,
        "standard_deviation": 1603.341796875,
        "variance": 2570705.0,
        "z_arithmetic_mean_rank": 156.06803118209584,
        "z_geometric_mean_rank": 100.33046029732381,
        "z_hits_at_k": 1367.9155631573717,
        "z_inverse_harmonic_mean_rank": 2318.348243519918
      }
    },
    "head": {
      "optimistic": {
        "adjusted_arithmetic_mean_rank": 0.14016580695780573,
        "adjusted_arithmetic_mean_rank_index": 0.8599873574264143,
        "adjusted_geometric_mean_rank_index": 0.975002743982199,
        "adjusted_hits_at_k": 0.20211854046444735,
        "adjusted_inverse_harmonic_mean_rank": 0.12325188722007978,
        "arithmetic_mean_rank": 787.0029481132076,
        "count": 5088.0,
        "geometric_mean_rank": 104.21823580903336,
        "harmonic_mean_rank": 8.06281564135936,
        "hits_at_1": 0.07979559748427673,
        "hits_at_10": 0.2028301886792453,
        "hits_at_3": 0.1310927672955975,
        "hits_at_5": 0.1605738993710692,
        "inverse_arithmetic_mean_rank": 0.0012706432706477658,
        "inverse_geometric_mean_rank": 0.009595249739521331,
        "inverse_harmonic_mean_rank": 0.12402615221292641,
        "inverse_median_rank": 0.007575757575757576,
        "median_absolute_deviation": 192.73828840572824,
        "median_rank": 132.0,
        "standard_deviation": 1598.9614289066656,
        "variance": 2556677.651131246,
        "z_arithmetic_mean_rank": 106.1643130141315,
        "z_geometric_mean_rank": 69.7004549831112,
        "z_hits_at_k": 482.52825773795547,
        "z_inverse_harmonic_mean_rank": 727.1372123956138
      },
      "pessimistic": {
        "adjusted_arithmetic_mean_rank": 0.14016580695780573,
        "adjusted_arithmetic_mean_rank_index": 0.8599873574264143,
        "adjusted_geometric_mean_rank_index": 0.975002743982199,
        "adjusted_hits_at_k": 0.20211854046444735,
        "adjusted_inverse_harmonic_mean_rank": 0.12325188722007978,
        "arithmetic_mean_rank": 787.0029481132076,
        "count": 5088.0,
        "geometric_mean_rank": 104.21823580903336,
        "harmonic_mean_rank": 8.06281564135936,
        "hits_at_1": 0.07979559748427673,
        "hits_at_10": 0.2028301886792453,
        "hits_at_3": 0.1310927672955975,
        "hits_at_5": 0.1605738993710692,
        "inverse_arithmetic_mean_rank": 0.0012706432706477658,
        "inverse_geometric_mean_rank": 0.009595249739521331,
        "inverse_harmonic_mean_rank": 0.12402615221292641,
        "inverse_median_rank": 0.007575757575757576,
        "median_absolute_deviation": 192.73828840572824,
        "median_rank": 132.0,